{
    "best_params": {
        "final_estimator__C": 10,
        "rf__max_depth": null,
        "rf__min_samples_split": 5,
        "rf__n_estimators": 200,
        "svm__C": 0.1
    },
    "cv_best_f1": 0.679929766085352,
    "metrics_on_hpt_subset": {
        "accuracy": 0.9821964392878576,
        "precision": 0.9481327800829875,
        "recall": 0.9590766002098636,
        "f1_score": 0.9535732916014606,
        "auc": 0.9974870572881952
    }
}