{
    "best_params": {
        "final_estimator__C": 10,
        "rf__max_depth": null,
        "rf__min_samples_split": 5,
        "rf__n_estimators": 200,
        "svm__C": 0.1
    },
    "cv_best_f1": 0.7467963766661404,
    "metrics_on_hpt_subset": {
        "accuracy": 0.9823964792958592,
        "precision": 0.9491173416407062,
        "recall": 0.9590766002098636,
        "f1_score": 0.954070981210856,
        "auc": 0.9974852418592275
    }
}