{
    "best_params": {
        "final_estimator__C": 10,
        "rf__max_depth": null,
        "rf__min_samples_split": 2,
        "rf__n_estimators": 100,
        "svm__C": 10
    },
    "cv_best_f1": 0.6647480779395831,
    "metrics_on_hpt_subset": {
        "accuracy": 0.9523904780956192,
        "precision": 0.9354445797807551,
        "recall": 0.8058761804826863,
        "f1_score": 0.8658399098083427,
        "auc": 0.9943493476645026
    }
}